rank,patent_id,title,grant_date,assignee,years_remaining,forward_citations,competitor_citations,competitor_count,competitors,sector,sector_name,eligibility_score,validity_score,claim_breadth,enforcement_clarity,design_around_difficulty,market_relevance_score,ipr_risk_score,prosecution_quality_score,implementation_type,standards_relevance,score_consensus,score_ip-lit-aggressive,score_ip-lit-balanced,score_ip-lit-conservative,score_licensing,score_corporate-ma,score_executive,rank_ip-lit-aggressive,rank_ip-lit-balanced,rank_ip-lit-conservative,rank_licensing,rank_corporate-ma,rank_executive
1,9609499,"Apparatus and method to prioritize a random access procedure for emergency access",2017-03-28,"Avago Technologies General IP (Singapore) Pte. Ltd.",8.2,12,10,1,"Comcast",wireless-iot,"Wireless / IoT Geofencing",4,4,3,4,4,4,5,3.3,system,likely_essential,24.26,30.10,32.13,19.64,23.85,19.78,20.04,1,1,1,1,4,1
2,9569605,"Systems and methods for enabling biometric authentication options",2017-02-14,"Symantec Corporation",8.1,78,67,1,"Apple",cloud-auth,"Cloud / Authentication",3,3,4,4,3,5,5,1.8,software,related,21.11,24.32,26.90,17.16,19.96,20.80,17.55,3,2,5,2,2,2
3,9961618,"Apparatus and method for performing low-power geo-fence operations",2018-05-01,"Avago Technologies General IP (Singapore) Pte. Ltd.",9.3,13,8,1,"Apple",wireless-iot,"Wireless / IoT Geofencing",4,4,4,3,4,5,5,1,hybrid,related,20.86,25.01,26.06,18.64,19.79,20.28,15.39,2,3,4,3,3,5
4,10200706,"Pipelined video decoder system",2019-02-05,"Avago Technologies International Sales Pte. Limited",10.1,30,20,1,"ByteDance",video-codec,"Video Codec / Transcoding",3,3,3,2,3,4,5,4,hardware,related,19.78,20.69,25.57,19.25,16.02,22.15,15.00,7,4,2,7,1,7
5,9907015,"Parallel scanning of wireless channels",2018-02-27,"Avago Technologies General IP (Singapore) Pte. Ltd.",9.1,5,5,2,"Microsoft; Apple",bluetooth-edr,"Bluetooth / EDR Scanning",4,3,4,3,3,5,5,5,hardware,related,19.59,21.51,24.44,18.73,18.64,18.06,16.18,6,5,3,5,5,3
6,9667370,"Communication device with peer-to-peer assist to provide synchronization",2017-05-30,"Avago Technologies General IP (Singapore) Pte. Ltd.",8.4,11,3,2,"Amazon; Apple",network-protocols,"Network Protocols",4,4,3,4,4,4,5,,hardware,likely_essential,17.75,22.97,22.56,13.08,18.86,14.00,15.04,4,7,11,4,14,6
7,10206084,"Power-efficient, balanced, and reliable true wireless bluetooth stereo audio solution",2019-02-12,"Avago Technologies International Sales Pte. Limited",10.1,3,2,2,"Amazon; Apple",video-codec,"Video Codec / Transcoding",4,4,4,4,4,5,5,2.3,hybrid,related,16.86,22.94,21.23,12.09,15.23,14.05,15.62,5,9,18,9,12,4
8,9503860,"Intelligent pursuit detection",2016-11-22,"CA, Inc.",7.9,16,8,1,"Amazon",object-pose,"Object / Pose Detection",3,3,3,4,3,4,5,4,software,none,16.81,20.51,23.39,14.82,12.90,14.27,14.97,8,6,6,19,11,8
9,9781602,"Geographically based access management for internet of things device data",2017-10-03,"CA, Inc.",8.7,40,5,3,"Amazon; Google; Microsoft",wireless-iot,"Wireless / IoT Geofencing",3,3,4,3,3,4,5,4,system,related,16.51,17.87,20.01,13.30,17.55,15.87,14.44,15,12,10,6,7,9
10,9294662,"Depth map generation and post-capture focusing",2016-03-22,"Broadcom Corporation",7.2,28,22,1,"Google",image-depth,"Image / Depth Mapping",3,3,3,2,3,4,5,4,software,none,16.09,17.59,21.77,14.72,12.79,17.69,11.99,16,8,7,20,6,16
11,10200359,"Systems and methods for creating credential vaults that use multi-factor authentication to automatic",2019-02-05,"Symantec Corporation",10.1,19,6,1,"Microsoft",cloud-auth,"Cloud / Authentication",3,3,4,4,3,5,5,1,software,related,15.80,19.81,20.80,12.50,11.95,15.72,14.00,9,10,14,27,9,10
12,10153932,"Resource unit (RU) allocation within wireless communications",2018-12-11,"Avago Technologies International Sales Pte. Limited",9.9,3,3,1,"Apple",network-signal-processing,"Network Signal Processing",4,3,4,3,4,5,5,,hardware,likely_essential,15.26,18.55,19.67,12.93,13.88,14.00,12.52,13,15,12,13,13,13
13,10581819,"Network traffic scanning of encrypted data",2020-03-03,"CA, Inc.",11.1,9,3,1,"Microsoft",cloud-auth,"Cloud / Authentication",4,3,4,4,3,5,5,1,system,related,14.95,19.75,19.77,11.21,11.93,13.93,13.13,10,14,22,28,16,11
14,9807094,"Systems and methods for dynamic access control over shared resources",2017-10-31,"Symantec Corporation",8.8,24,9,1,"Google",cloud-auth,"Cloud / Authentication",3,3,4,3,3,5,5,1.8,software,none,14.87,17.32,19.47,11.22,13.69,15.79,11.74,17,16,20,14,8,17
15,9258046,"Efficient beacon transmission and reception",2016-02-09,"Broadcom Corporation",7.1,11,7,1,"Sony",wireless-mimo-antenna,"Wireless MIMO & Antenna",4,3,3,3,3,4,5,,system,likely_essential,14.70,18.31,20.41,12.19,11.84,13.73,11.71,14,11,17,31,18,18
16,9504059,"WLAN and LTE time division based scheduling devices and methods",2016-11-22,"Broadcom Corporation",7.9,9,5,1,"Apple",wireless-scheduling,"Wireless Scheduling",4,3,3,3,4,4,5,,hardware,related,14.62,18.69,19.93,11.39,11.85,13.72,12.16,12,13,19,30,19,15
17,10554992,"Inline codec switching",2020-02-04,"Avago Technologies International Sales Pte. Limited",11.1,2,2,1,"Google",video-codec,"Video Codec",4,4,4,3,4,5,5,,software,related,14.61,19.49,19.03,10.16,12.56,13.28,13.13,11,17,29,23,21,12
18,10165285,"Video coding tree sub-block splitting",2018-12-25,"Avago Technologies International Sales Pte. Limited",9.9,5,3,1,"ByteDance",video-codec,"Video Codec / Transcoding",3,4,4,2,4,5,5,3.3,system,likely_essential,14.15,16.30,17.79,12.20,13.25,14.57,10.79,19,19,16,16,10,23
19,9900196,"Switching diversity in scalable radio frequency communication system",2018-02-20,"Avago Technologies General IP (Singapore) Pte. Ltd.",9.1,16,3,1,"Meta",network-signal-processing,"Network Signal Processing",4,3,3,3,4,4,5,,hardware,likely_essential,13.88,16.70,17.18,12.84,13.55,12.15,10.88,18,21,13,15,26,22
20,10182048,"Systems and methods for automatically populating one-time-password input fields",2019-01-15,"Symantec Corporation",10.0,14,7,2,"Microsoft; Apple",cloud-auth,"Cloud / Authentication",2,3,3,3,2,4,5,4,software,none,13.72,14.86,18.17,13.34,10.65,13.09,12.22,25,18,9,42,23,14
21,9342705,"Systems and methods for searching shared encrypted files on third-party storage systems",2016-05-17,"Symantec Corporation",7.3,31,7,3,"Microsoft; Amazon; Google",cloud-auth,"Cloud / Authentication",3,3,3,2,3,3,5,4,software,none,13.42,14.67,17.34,12.22,11.87,13.19,11.20,27,20,15,29,22,21
22,8737917,"Method and system for a dual-mode bluetooth low energy device",2014-05-27,"Broadcom Corporation",5.4,37,15,3,"Apple; Microsoft; Google",bluetooth-edr,"Bluetooth / EDR Scanning",4,3,4,3,3,4,5,1,firmware,likely_essential,13.39,15.20,16.43,8.99,15.80,13.67,10.27,22,25,38,8,20,27
23,10178109,"Discovery of groupings of security alert types and corresponding complex multipart attacks, from ana",2019-01-08,"Symantec Corporation",10.0,13,3,1,"Microsoft",security,"Security / Threat Detection",3,3,4,3,3,5,5,2.3,software,related,13.18,15.90,17.16,10.24,10.35,13.97,11.46,21,22,27,46,15,20
24,9838405,"Systems and methods for determining types of malware infections on computing devices",2017-12-05,"Symantec Corporation",8.9,26,7,1,"Microsoft",security,"Security / Threat Detection",3,3,3,2,3,4,5,4,software,none,13.06,14.24,16.99,11.01,12.72,13.81,9.61,29,23,23,21,17,35
25,10084762,"Publicly readable blockchain registry of personally identifiable information breaches",2018-09-25,"CA, Inc.",9.7,47,5,1,"Microsoft",pii-breach,"PII / Data Breach Detection",2,3,3,2,4,3,5,5,system,none,12.90,12.96,15.34,13.94,12.57,12.53,10.02,36,29,8,22,25,28
26,8671455,"Systems and methods for detecting unintentional information disclosure",2014-03-11,"Symantec Corporation",5.1,15,9,3,"Amazon; Citrix; Meta",cloud-auth,"Cloud / Authentication",3,3,4,3,3,4,5,3.3,software,none,12.79,13.87,16.13,8.95,14.33,12.81,10.64,31,26,39,11,24,24
27,9160757,"Systems and methods for detecting suspicious attempts to access data based on organizational relatio",2015-10-13,"Symantec Corporation",6.7,11,11,1,"Sophos",cloud-auth,"Cloud / Authentication",3,3,3,3,3,4,5,5,software,none,12.50,13.88,16.77,9.47,13.08,11.94,9.87,30,24,33,18,28,30
28,9408103,"Flexible measurements in unlicensed band",2016-08-02,"Broadcom Corporation",7.5,8,3,2,"Apple; Sony",wireless-infrastructure,"Wireless Infrastructure",4,3,3,3,4,4,,,firmware,likely_essential,12.32,15.93,15.79,8.22,10.94,11.48,11.59,20,28,44,38,32,19
29,9609373,"Presentation timeline synchronization across audio-video (AV) streams",2017-03-28,"Avago Technologies General IP (Singapore) Pte. Ltd.",8.2,21,5,2,"Google; Amazon",event-live,"Event / Live Streaming",3,3,3,4,2,4,5,2.8,software,related,12.25,14.89,16.11,10.27,12.10,9.69,10.47,24,27,26,26,47,25
30,9692778,"Method and system to prioritize vulnerabilities based on contextual correlation",2017-06-27,"Symantec Corporation",8.4,86,8,2,"Comcast; Microsoft",security,"Security / Threat Detection",3,3,3,3,2,4,5,1.8,software,related,12.15,13.86,15.15,10.31,12.43,11.71,9.44,32,30,25,24,30,36
31,10284585,"Tree rotation in random classification forests to improve efficacy",2019-05-07,"Symantec Corporation",10.3,5,2,2,"Amazon; Microsoft",wireless-iot,"Wireless / IoT Geofencing",3,4,3,3,3,4,5,4,software,none,11.94,14.98,15.03,10.03,11.10,10.16,10.35,23,31,30,34,44,26
32,8713128,"Method and system for utilizing native ethernet as a virtual memory interconnect",2014-04-29,"Broadcom Corporation",5.3,4,4,2,"Hewlett Packard Enterprise Development LP; Google",network-protocols,"Network Protocols",4,4,3,4,4,3,,,hardware,related,11.65,14.81,14.62,7.00,14.52,9.00,9.97,26,33,54,10,56,29
33,9548988,"Systems and methods for attributing potentially malicious email campaigns to known threat groups",2017-01-17,"Symantec Corporation",8.0,34,5,1,"Microsoft",security,"Security / Threat Detection",3,3,3,3,3,4,5,2.3,software,related,11.29,13.50,14.51,8.99,11.10,10.79,8.82,33,34,37,35,36,40
34,9977920,"Providing data privacy in computer networks using personally identifiable information by inference c",2018-05-22,"CA, Inc.",9.3,127,1,1,"Google",pii-breach,"PII / Data Breach Detection",3,4,4,3,4,5,5,4,software,related,11.23,12.77,9.95,9.63,14.29,10.93,9.78,37,74,32,12,34,33
35,9621585,"Applying functional classification to tune security policies and posture according to role and likel",2017-04-11,"Symantec Corporation",8.2,7,4,2,"Microsoft; Amazon",network-secure-compute,"Secure Computing & MPC",3,3,4,2,3,4,5,,software,none,11.22,12.47,14.42,8.32,11.52,11.83,8.75,41,35,43,33,29,41
36,9270875,"Dual image capture processing",2016-02-23,"Broadcom Corporation",7.1,184,2,1,"Microsoft",image-depth,"Image / Depth Mapping",4,3,3,4,3,5,5,1.8,hardware,none,11.21,14.46,12.10,8.64,11.00,11.21,9.85,28,50,40,37,33,31
37,9635334,"Audio and video management for parallel transcoding",2017-04-25,"Avago Technologies General IP (Singapore) Pte. Ltd.",8.3,7,7,1,"Meta",video-codec,"Video Codec / Transcoding",4,3,3,2,3,4,5,1,system,related,10.99,13.35,14.68,8.43,10.77,11.49,7.20,34,32,41,40,31,61
38,10248797,"Systems and methods for zero-day DLP protection having enhanced file upload processing",2019-04-02,"Symantec Corporation",10.2,15,2,1,"Microsoft",cloud-auth,"Cloud / Authentication",3,3,4,3,3,4,5,4,software,none,10.99,13.07,13.67,9.05,9.95,10.42,9.76,35,36,36,50,41,34
39,9166993,"Anomaly detection based on profile history and peer history",2015-10-20,"Symantec Corporation",6.8,87,4,2,"Microsoft; Google",cloud-auth,"Cloud / Authentication",3,3,3,3,3,4,5,5,software,none,10.93,11.79,12.76,7.98,13.13,10.79,9.16,47,43,46,17,37,38
40,9401925,"Systems and methods for detecting security threats based on user profiles",2016-07-26,"Symantec Corporation",7.5,109,4,3,"Comcast; Microsoft; Amazon",cloud-auth,"Cloud / Authentication",3,3,3,2,2,4,5,4,software,none,10.91,11.42,13.03,9.86,10.01,12.15,8.98,50,39,31,48,27,39
41,10063582,"Securing compromised network devices in a network",2018-08-28,"Symantec Corporation",9.6,32,3,2,"Microsoft; Apple",ai-ml,"AI/ML / Machine Learning",2,3,3,2,3,4,5,5,software,none,10.81,10.92,12.78,11.21,10.44,10.87,8.65,54,42,21,45,35,43
42,8954740,"Session key proxy decryption method to secure content in a one-to-many relationship",2015-02-10,"Symantec Corporation",6.1,92,13,5,"Google; Apple; Amazon; Sony; Microsoft",cloud-auth,"Cloud / Authentication",3,3,3,2,3,3,5,1.8,system,related,10.13,10.53,11.83,7.47,12.35,10.71,7.90,56,52,50,25,38,51
43,9300728,"Controlling resource deployment thresholds in a distributed computer system",2016-03-29,"CA, Inc.",7.2,16,3,2,"Amazon; Microsoft",network-protocols,"Network Protocols",3,3,3,3,3,5,,,system,none,10.06,12.56,12.80,6.57,8.31,10.29,9.84,38,41,65,81,42,32
44,9225735,"Systems and methods for blocking flanking attacks on computing systems",2015-12-29,"Symantec Corporation",7.0,5,5,2,"Red Hat; McAfee",network-auth-access,"Network Auth & Access Control",,,,,,,,,,,9.96,12.54,13.42,6.98,8.81,8.69,9.34,40,38,55,69,64,37
45,8950005,"Method and system for protecting content of sensitive web applications",2015-02-03,"Symantec Corporation",6.1,20,7,2,"Amazon; Microsoft",cloud-auth,"Cloud / Authentication",3,3,3,4,3,4,5,1.8,software,none,9.94,12.22,12.83,6.84,10.83,8.85,8.08,42,40,59,39,59,48
46,8997195,"Access to vaulted credentials using login computer, mobile computing device, and manager computing d",2015-03-31,"CA, Inc.",6.2,38,7,2,"Amazon; Comcast",cloud-auth,"Cloud / Authentication",3,3,3,3,2,4,5,4,system,related,9.88,10.82,12.62,7.54,11.08,9.39,7.83,55,45,49,36,52,52
47,10573020,"Location validation through physical surroundings",2020-02-25,"Symantec Corporation",11.1,9,2,1,"Microsoft",image-processing,"Image Processing",3,3,4,3,3,4,5,,method,none,9.81,12.10,12.53,7.68,8.69,9.23,8.59,44,48,47,72,53,45
48,10042768,"Virtual machine migration",2018-08-07,"Avago Technologies General IP (Singapore) Pte. Ltd.",9.6,10,2,2,"Google; ByteDance",cloud-auth,"Cloud / Authentication",4,3,3,3,3,4,5,2.8,system,none,9.72,11.93,11.55,9.12,10.47,7.77,7.46,45,56,35,44,76,57
49,9743040,"Systems and methods for facilitating eye contact during video conferences",2017-08-22,"Symantec Corporation",8.6,9,3,2,"Apple; Sony",video-codec,"Video Codec / Transcoding",2,3,3,3,3,4,5,3.5,software,related,9.64,11.26,12.59,7.65,9.14,8.82,8.38,51,47,48,62,60,46
50,9330274,"Methods and systems for applying parental-control policies to media files",2016-05-03,"Symantec Corporation",7.3,12,6,1,"Google",computing-data-protection,"Computing Data Protection",2,3,3,3,3,3,5,,software,none,9.63,11.55,13.56,8.35,7.51,8.74,8.06,48,37,42,107,63,49
51,8862675,"Method and system for asynchronous analysis of URLs in messages in a live message processing environ",2014-10-14,"Symantec Corporation",5.7,15,7,3,"FireEye; Oracle; NetApp, Inc.",event-live,"Event / Live Streaming",3,3,3,4,2,4,5,2.3,system,none,9.63,11.51,12.59,7.03,10.57,8.07,8.00,49,46,53,43,72,50
52,9256739,"Systems and methods for using event-correlation graphs to generate remediation procedures",2016-02-09,"Symantec Corporation",7.1,116,2,1,"Microsoft",event-live,"Event / Live Streaming",3,3,3,3,3,4,5,4,software,none,9.47,11.17,10.65,8.02,9.22,9.54,8.24,52,62,45,59,50,47
53,10116680,"Systems and methods for evaluating infection risks based on profiled user behaviors",2018-10-30,"Symantec Corporation",9.8,28,5,2,"Microsoft; Amazon",cloud-auth,"Cloud / Authentication",2,3,3,2,2,4,5,4,software,none,9.47,9.38,11.64,10.33,8.82,9.62,7.02,68,54,24,67,49,64
54,9482739,"Indoor/outdoor transition determination",2016-11-01,"Broadcom Corporation",7.8,11,4,1,"Google",wireless-services,"Wireless Services",3,3,3,3,3,4,,,software,none,9.45,11.87,12.64,6.60,7.77,9.10,8.71,46,44,64,94,55,42
55,8826443,"Selective removal of protected content from web requests sent to an interactive website",2014-09-02,"Symantec Corporation",5.6,254,6,3,"Google; Microsoft; Amazon",cloud-auth,"Cloud / Authentication",3,3,3,3,3,4,5,1,software,none,9.32,10.41,10.02,6.33,11.66,10.28,7.22,59,69,72,32,43,59
56,9356939,"System and method for dynamic access control based on individual and community usage patterns",2016-05-31,"CA, Inc.",7.4,13,5,2,"Amazon; Microsoft",cloud-auth,"Cloud / Authentication",2,3,4,2,3,4,5,2.3,software,none,9.30,10.47,12.36,7.31,7.32,10.66,7.69,57,49,52,116,40,54
57,9948663,"Systems and methods for predicting security threat attacks",2018-04-17,"Symantec Corporation",9.3,273,4,1,"Microsoft",security,"Security / Threat Detection",2,3,3,2,2,4,5,3.3,software,none,9.16,8.66,9.70,10.23,9.56,10.68,6.16,91,80,28,56,39,85
58,8762512,"Providing dynamically shared cloud accounts",2014-06-24,"Symantec Corporation",5.4,22,12,2,"Microsoft; Amazon",cloud-auth,"Cloud / Authentication",2,3,3,3,2,3,5,4,software,none,8.87,9.49,11.88,7.32,9.68,7.66,7.19,65,51,51,54,78,62
59,9787704,"Anomaly detection based on cluster transitions",2017-10-10,"CA, Inc.",8.7,5,3,2,"Apple; Meta",network-threat-protection,"Network Threat Protection",2,3,4,2,3,4,5,,software,none,8.85,9.81,11.56,6.48,8.57,9.46,7.21,62,55,67,77,51,60
60,10904508,"360 degree video with combined projection format",2021-01-26,"Avago Technologies International Sales Pte. Limited",12.0,1,1,1,"Apple",3d-stereo-depth,"3D Stereo & Depth",4,4,4,3,4,4,5,,system,related,8.85,12.55,10.83,6.75,8.87,6.39,7.69,39,59,60,66,109,55
61,8671080,"System and method for managing data loss due to policy violations in temporary files",2014-03-11,"Symantec Corporation",5.1,23,15,2,"Microsoft; Google",cloud-auth,"Cloud / Authentication",3,3,3,2,2,4,5,2.8,software,none,8.78,9.20,11.36,6.67,9.63,9.73,6.08,75,58,62,55,46,88
62,10360366,"Systems and methods for providing two-factor authentication with an enterprise gateway when an authe",2019-07-23,"Symantec Corporation",10.5,5,2,1,"Microsoft",computing-auth-boot,"Computing Auth & Secure Boot",3,3,3,3,3,4,5,,system,related,8.69,11.16,11.39,6.94,7.41,7.72,7.49,53,57,56,112,77,56
63,8869286,"Systems and methods for analyzing client-side storage security for internet applications",2014-10-21,"Symantec Corporation",5.8,15,10,1,"Amazon",network-threat-protection,"Network Threat Protection",3,3,3,3,2,3,5,,software,none,8.52,9.78,11.77,6.65,9.47,7.31,6.12,63,53,63,57,85,87
64,9137228,"Augmenting service provider and third party authentication",2015-09-15,"Symantec Corporation",6.7,32,4,2,"Microsoft; Amazon",network-auth-access,"Network Auth & Access Control",3,3,4,2,3,4,5,,system,related,8.46,9.01,10.18,5.45,10.10,9.68,6.35,83,66,84,47,48,79
65,8711684,"Method and apparatus for detecting an intermittent path to a storage system",2014-04-29,"Symantec Corporation",5.3,7,7,2,"EMC Corporation; Hewlett Packard Enterprise Development LP",network-management,"Network Management",,,,,,,,,,,8.40,9.89,10.80,4.99,9.88,7.50,7.33,60,60,104,51,81,58
66,10966074,"Power-efficient, balanced, and reliable true wireless Bluetooth stereo audio solution",2021-03-30,"Avago Technologies International Sales Pte. Limited",12.2,1,1,1,"Apple",wireless-services,"Wireless Services",3,3,4,4,4,5,5,,system,related,8.29,12.11,10.65,5.85,6.89,5.63,8.63,43,61,80,131,131,44
67,8935768,"Controlling client access to email responsive to email class levels",2015-01-13,"CA, Inc.",6.0,17,6,2,"Amazon; Microsoft",computing-data-protection,"Computing Data Protection",,,,,,,,,,,8.10,9.48,10.13,4.79,9.80,7.32,7.08,66,67,111,52,84,63
68,10206099,"Geolocation-based two-factor authentication",2019-02-12,"Symantec Corporation",10.1,23,2,2,"Google; Microsoft",cloud-auth,"Cloud / Authentication",3,3,3,3,3,4,5,1,software,none,8.08,10.46,9.62,6.39,7.57,7.83,6.62,58,83,70,99,73,70
69,9639692,"Dynamic on-device passcodes to lock lost or stolen devices",2017-05-02,"Symantec Corporation",8.3,21,3,1,"Apple",computing-auth-boot,"Computing Auth & Secure Boot",3,3,3,2,3,4,,,software,none,8.05,9.27,9.96,5.23,8.42,8.76,6.66,72,70,92,79,61,68
70,9661023,"Systems and methods for automatic endpoint protection and policy management",2017-05-23,"Symantec Corporation",8.3,14,3,1,"Google",network-secure-compute,"Secure Computing & MPC",3,3,3,2,3,4,,,system,none,7.92,9.20,9.96,5.13,8.17,8.52,6.56,74,71,97,82,66,73
71,9614833,"Automated certificate management for a website associated with multiple certificates",2017-04-04,"Symantec Corporation",8.2,14,3,1,"Amazon",network-auth-access,"Network Auth & Access Control",3,3,3,3,2,4,,,software,related,7.84,9.45,10.21,5.41,7.96,7.23,6.79,67,65,87,84,86,66
72,8640204,"Wireless device for group access and management",2014-01-28,"Broadcom Corporation",5.0,5,5,3,"Intel; Google; Samsung",wireless-security,"Wireless Security",,,,,,,,,,,7.79,9.19,9.80,4.55,9.46,6.85,6.89,76,76,119,58,92,65
73,9621579,"Systems and methods for protecting against unauthorized network intrusions",2017-04-11,"Symantec Corporation",8.2,6,3,1,"Google",network-threat-protection,"Network Threat Protection",3,3,3,2,3,4,,,system,related,7.73,9.10,9.96,4.96,7.79,8.16,6.40,80,72,107,90,70,76
74,9460406,"Management of event reminder notifications based on conflicting events",2016-10-04,"CA, Inc.",7.7,33,19,1,"Meta",event-live,"Event / Live Streaming",2,2,2,4,2,3,5,1.8,software,none,7.71,9.14,10.59,9.17,5.28,5.96,6.14,79,63,34,237,122,86
75,9414422,"Proximity detection for mobile communication devices using geo-fencing",2016-08-09,"Broadcom Corporation",7.6,30,4,1,"Comcast",wireless-mobility,"Wireless Mobility",3,3,3,2,2,3,5,,system,none,7.65,8.83,10.48,6.93,6.80,7.60,5.26,87,64,57,137,80,129
76,9106687,"Mechanism for profiling user and group accesses to content repository",2015-08-11,"Symantec Corporation",6.6,89,15,1,"Amazon",cloud-auth,"Cloud / Authentication",2,3,3,2,2,3,5,3.5,software,none,7.61,7.63,9.82,6.40,8.63,8.11,5.04,135,75,69,73,71,145
77,9264426,"System and method for authentication via a proximate device",2016-02-16,"Broadcom Corporation",7.1,11,3,1,"Amazon",network-auth-access,"Network Auth & Access Control",3,3,3,2,3,4,,,system,none,7.59,9.17,9.96,5.07,6.44,8.40,6.51,77,73,102,160,68,74
78,10378893,"Location detection sensors for physical devices",2019-08-13,"CA, Inc.",10.6,234,0,0,"",wireless-services,"Wireless Services",4,3,4,4,3,4,5,5,system,related,7.59,7.83,4.35,6.86,9.76,8.92,7.81,130,311,58,53,57,53
79,9077703,"Systems and methods for protecting user accounts",2015-07-07,"Symantec Corporation",6.5,13,5,2,"Google; Amazon",network-auth-access,"Network Auth & Access Control",,,,,,,,,,,7.56,8.94,9.47,4.42,9.17,6.77,6.58,84,85,120,61,97,71
80,9590872,"Automated cloud IT services delivery solution model",2017-03-07,"CA, Inc.",8.1,49,5,3,"Apple; Amazon; Microsoft",cloud-auth,"Cloud / Authentication",2,3,3,2,2,4,5,1.8,software,related,7.53,8.03,9.24,6.17,7.43,8.49,5.80,114,87,73,111,67,94
81,8863307,"Authenticating users based upon an identity footprint",2014-10-14,"Broadcom Corporation",5.7,23,13,1,"Amazon",cloud-auth,"Cloud / Authentication",2,3,3,2,3,4,5,2.3,software,related,7.50,8.12,9.80,5.38,7.59,8.92,5.22,110,78,89,97,58,133
82,8116374,"Method and system for generating a transform size syntax element for video decoding",2012-02-14,"Broadcom Corporation",3.1,31,28,2,"Google; Microsoft",video-codec,"Video Codec / Transcoding",3,3,4,3,4,4,5,1.8,method,likely_essential,7.47,6.70,7.49,4.86,10.76,8.75,6.28,156,150,109,41,62,82
83,9483627,"Abstracting credentials for mobile client authentication",2016-11-01,"Symantec Corporation",7.8,28,5,2,"Microsoft; Amazon",cloud-auth,"Cloud / Authentication",3,3,3,2,2,4,5,1,system,related,7.44,8.86,9.80,6.08,6.27,8.37,5.26,86,77,77,167,69,128
84,9762497,"System, method and apparatus for network congestion management and network resource isolation",2017-09-12,"Avago Technologies General IP (Singapore) Pte. Ltd.",8.7,41,2,1,"Google",ai-ml,"AI/ML / Machine Learning",4,3,3,2,3,4,5,1.8,hardware,related,7.44,9.05,8.68,5.48,8.58,7.65,5.17,82,97,83,76,79,140
85,8776168,"Applying security policy based on behaviorally-derived user risk profiles",2014-07-08,"Symantec Corporation",5.5,167,3,2,"Microsoft; Amazon",cloud-auth,"Cloud / Authentication",2,3,4,2,3,5,5,2.3,system,none,7.41,7.49,7.95,4.66,8.55,9.96,5.84,137,119,114,78,45,93
86,10129257,"Authorization server access system",2018-11-13,"CA, Inc.",9.8,6,2,2,"Microsoft; Amazon",cloud-auth,"Cloud / Authentication",3,3,3,3,3,4,5,1.8,system,related,7.40,9.29,8.99,6.73,7.58,6.11,5.66,71,94,61,98,117,102
87,8918901,"System and method for restricting access to requested data based on user location",2014-12-23,"CA, Inc.",5.9,23,8,1,"Amazon",wireless-security,"Wireless Security",2,3,3,3,2,4,5,,software,none,7.39,8.28,10.04,5.49,7.52,7.46,5.58,99,68,82,106,82,108
88,9781019,"Systems and methods for managing network communication",2017-10-03,"Symantec Corporation",8.7,9,3,1,"Microsoft",network-management,"Network Management",2,3,4,3,2,4,,,software,none,7.35,8.45,9.70,4.90,7.20,7.18,6.70,97,81,108,121,88,67
89,8813174,"Embedded security blades for cloud service providers",2014-08-19,"Symantec Corporation",5.6,30,4,2,"Microsoft; Google",network-auth-access,"Network Auth & Access Control",,,,,,,,,,,7.31,8.56,8.81,4.25,9.19,6.66,6.38,95,96,127,60,99,77
90,9106645,"Automatic reset for time-based credentials on a mobile device",2015-08-11,"Symantec Corporation",6.6,22,10,1,"Amazon",cloud-auth,"Cloud / Authentication",3,3,3,3,2,4,5,1,software,related,7.29,8.77,9.77,5.19,7.74,7.33,4.92,89,79,94,95,83,150
91,9780950,"Authentication of PKI credential by use of a one time password and pin",2017-10-03,"Symantec Corporation",8.7,27,3,2,"Amazon; Apple",cloud-auth,"Cloud / Authentication",3,3,2,4,2,3,5,1,method,related,7.28,9.87,9.46,6.16,7.83,4.85,5.51,61,86,74,88,168,113
92,9041766,"Automated attention detection",2015-05-26,"CA, Inc.",6.4,24,4,2,"Microsoft; Sony",video-broadcast,"Video Broadcast",,,,,,,,,,,7.24,8.52,8.81,4.20,9.04,6.55,6.31,96,95,131,64,103,80
93,8436491,"Low pin count wireless power IC",2013-05-07,"Broadcom Corporation",4.3,12,4,2,"Intel; Samsung",wireless-transmission,"Wireless Transmission",4,3,3,4,4,5,,,hardware,likely_essential,7.23,9.75,9.49,3.19,8.96,6.15,5.85,64,84,177,65,115,92
94,8619085,"Method and system for compressing tile lists used for 3D rendering",2013-12-31,"Broadcom Corporation",5.0,22,5,1,"Google",image-processing,"Image Processing",,,,,,,,,,,7.22,8.57,9.14,4.26,8.62,6.64,6.07,94,91,126,74,101,89
95,10237746,"Coexistence management via scheduling",2019-03-19,"Avago Technologies International Sales Pte. Limited",10.2,4,2,1,"Apple",wireless-infrastructure,"Wireless Infrastructure",,,,,,,,,,,7.19,9.34,9.18,5.08,6.85,6.08,6.63,69,89,100,133,118,69
96,10326615,"Cellular-wireless local area network (WLAN) interworking",2019-06-18,"Avago Technologies International Sales Pte. Limited",10.4,3,2,1,"Apple",network-switching,"Network Switching & Routing",,,,,,,,,,,7.14,9.31,9.18,5.03,6.76,6.00,6.57,70,90,103,138,120,72
97,10382416,"Techniques for detecting shared devices",2019-08-13,"Symantec Corporation",10.6,6,2,1,"Warner",network-auth-access,"Network Auth & Access Control",3,3,3,2,3,3,5,,software,none,7.12,8.61,9.18,6.12,6.67,6.78,5.36,92,88,75,145,96,122
98,8813214,"Method and system for providing secure peer-to-peer file transfers",2014-08-19,"Symantec Corporation",5.6,52,4,1,"Microsoft",network-auth-access,"Network Auth & Access Control",,,,,,,,,,,7.05,8.24,8.48,4.15,8.82,6.65,5.95,103,99,135,68,100,90
99,9578088,"Globally distributed utility computing cloud",2017-02-21,"CA, Inc.",8.1,49,4,1,"Google",cloud-auth,"Cloud / Authentication",2,2,4,2,2,5,5,2.8,system,related,7.03,7.15,9.03,5.50,6.05,9.17,5.30,144,93,81,176,54,127
100,8661254,"Authentication of a client using a mobile device and an optical link",2014-02-25,"CA, Inc.",5.1,50,4,1,"Amazon",network-crypto,"Network Cryptography",,,,,,,,,,,7.03,8.23,8.48,4.14,8.78,6.63,5.94,104,100,136,70,102,91
101,8677448,"Graphical user interface including usage trending for sensitive files",2014-03-18,"Symantec Corporation",5.2,97,7,1,"Microsoft",cloud-auth,"Cloud / Authentication",2,3,2,3,2,3,5,4,software,none,6.98,7.75,9.08,6.11,7.81,5.78,5.36,133,92,76,89,128,123
102,10423514,"Automated classification of mobile app battery consumption using simulation",2019-09-24,"Symantec Corporation",10.7,6,3,1,"Google",computing-runtime,"Computing Runtime",2,3,3,2,2,3,5,,software,none,6.96,7.82,9.67,6.53,5.74,6.98,5.04,132,82,66,197,89,144
103,9300693,"Systems and methods for preventing data loss over virtualized networks",2016-03-29,"Symantec Corporation",7.2,28,2,2,"Microsoft; Amazon",computing-runtime,"Computing Runtime",,,,,,,,,,,6.94,8.88,8.27,4.76,7.21,6.11,6.43,85,105,112,120,116,75
104,9246941,"Systems and methods for predicting the impact of security-policy changes on users",2016-01-26,"Symantec Corporation",7.0,78,2,1,"Amazon",network-secure-compute,"Secure Computing & MPC",,,,,,,,,,,6.91,8.60,7.80,4.85,7.32,6.54,6.37,93,122,110,117,105,78
105,9402181,"Systems and methods for completing multi-factor authentication via mobile devices",2016-07-26,"Symantec Corporation",7.5,20,2,2,"Amazon; Microsoft",wireless-security,"Wireless Security",,,,,,,,,,,6.82,8.81,8.27,4.64,6.99,5.91,6.28,88,106,115,127,123,81
106,8782403,"Method and apparatus for securing confidential data for a user in a computer",2014-07-15,"Symantec Corporation",5.5,16,6,3,"Amazon; EMC Corporation; Intel",cloud-auth,"Cloud / Authentication",,,,,,,,1,,,6.79,8.34,8.37,3.79,8.33,6.24,5.68,98,103,152,80,112,101
107,9021448,"Automated pattern detection in software for optimal instrumentation",2015-04-28,"CA, Inc.",6.3,28,5,2,"Amazon; Google",computing-runtime,"Computing Runtime",2,3,3,2,3,4,5,,software,none,6.77,7.28,8.43,4.58,7.34,7.77,5.21,142,102,117,115,75,134
108,9166997,"Systems and methods for reducing false positives when using event-correlation graphs to detect attac",2015-10-20,"Symantec Corporation",6.8,75,3,1,"Microsoft",network-threat-protection,"Network Threat Protection",,,,,,,,,,,6.75,7.83,7.82,3.95,8.72,6.47,5.72,129,121,145,71,108,98
109,9247175,"Parallel television remote control",2016-01-26,"Broadcom Corporation",7.0,15,2,2,"Google; Roku",video-client-processing,"Video Client Processing",,,,,,,,,,,6.72,8.75,8.27,4.56,6.83,5.77,6.18,90,107,118,135,129,84
110,9083729,"Systems and methods for determining that uniform resource locators are malicious",2015-07-14,"Symantec Corporation",6.5,19,3,1,"Microsoft",network-threat-protection,"Network Threat Protection",3,3,3,3,3,4,,,software,none,6.64,7.94,8.26,3.81,7.56,6.52,5.71,121,108,149,101,106,99
111,9979725,"Two-way authentication using two-dimensional codes",2018-05-22,"Symantec Corporation",9.3,15,2,1,"Amazon",network-auth-access,"Network Auth & Access Control",,,,,,,,,,,6.62,8.12,7.80,5.42,7.48,5.33,5.59,109,124,86,109,144,107
112,11425134,"Secure access to a corporate web application with translation between an internal address and an ext",2022-08-23,"CA, Inc.",13.6,5,1,1,"Microsoft",network-auth-access,"Network Auth & Access Control",3,3,3,3,3,5,5,3.5,system,related,6.62,9.15,8.19,5.28,5.75,5.18,6.19,78,112,91,196,146,83
113,9654510,"Match signature recognition for detecting false positive incidents and improving post-incident remed",2017-05-16,"Symantec Corporation",8.3,26,2,1,"Microsoft",network-secure-compute,"Secure Computing & MPC",,,,,,,,,,,6.61,8.24,7.80,4.32,7.89,5.63,5.78,100,123,123,86,132,95
114,8683585,"Using file reputations to identify malicious file sources in real time",2014-03-25,"Symantec Corporation",5.2,31,3,1,"Amazon",computing-os-security,"Computing OS Security",3,3,4,2,3,4,,,software,none,6.59,7.09,7.73,3.55,8.07,7.81,5.25,145,146,160,83,74,132
115,11190528,"Light-weight mechanism for checking message integrity in data packets",2021-11-30,"Avago Technologies International Sales Pte. Limited",12.9,1,1,1,"Sony",network-threat-protection,"Network Threat Protection",4,3,3,3,3,4,5,3.3,hardware,related,6.53,9.25,8.21,5.45,6.18,4.51,5.54,73,111,85,171,184,110
116,9189629,"Systems and methods for discouraging polymorphic malware",2015-11-17,"Symantec Corporation",6.8,7,3,2,"Microsoft; Symantec",computing-os-security,"Computing OS Security",,,,,,,,,,,6.49,7.86,8.15,3.68,7.95,5.69,5.61,128,113,153,85,130,106
117,10855722,"Deception service for email attacks",2020-12-01,"CA, Inc.",11.9,10,2,1,"Microsoft",network-threat-protection,"Network Threat Protection",2,3,3,2,3,4,5,2.8,software,none,6.46,7.67,8.23,5.31,5.38,6.93,5.21,134,110,90,222,90,135
118,10114732,"Debugging in-cloud distributed code in live load environment",2018-10-30,"CA, Inc.",9.8,4,3,1,"Microsoft",computing-runtime,"Computing Runtime",2,3,3,2,2,4,5,,system,none,6.45,7.08,8.68,6.46,5.64,6.50,4.35,146,98,68,207,107,171
119,10104097,"Systems and methods for preventing targeted malware attacks",2018-10-16,"Symantec Corporation",9.7,8,2,1,"Microsoft",network-threat-protection,"Network Threat Protection",,,,,,,,,,,6.45,8.02,7.80,5.23,7.13,5.07,5.43,115,125,93,123,151,118
120,9716599,"Automated assessment of organization mood",2017-07-25,"CA, Inc.",8.5,16,2,1,"Meta",fintech-business,"FinTech & Business",,,,,,,,,,,6.43,8.13,7.80,4.16,7.52,5.36,5.61,106,126,132,105,141,103
121,8792369,"Method for setting a mobile node specific cyclic prefix in a mobile communication",2014-07-29,"Broadcom Corporation",5.5,4,3,2,"Huawei; Apple",network-signal-processing,"Network Signal Processing",,,,,,,,,,,6.41,7.82,8.15,3.62,7.78,5.57,5.53,131,114,156,93,135,112
122,9736025,"Determining service dependencies for configuration items",2017-08-15,"CA, Inc.",8.6,4,3,1,"Microsoft",network-management,"Network Management",3,3,3,2,2,4,,,software,related,6.38,7.35,8.47,4.24,6.45,6.81,4.98,140,101,128,158,95,147
123,8887289,"Systems and methods for monitoring information shared via communication services",2014-11-11,"Symantec Corporation",5.8,16,7,2,"Google; ByteDance",computing-data-protection,"Computing Data Protection",2,3,3,2,2,4,5,,software,none,6.35,6.66,8.33,4.60,6.67,7.21,4.63,159,104,116,146,87,156
124,9317692,"System and method for vulnerability risk analysis",2016-04-19,"Symantec Corporation",7.3,26,2,1,"Netflix",computing-os-security,"Computing OS Security",,,,,,,,,,,6.35,8.24,7.80,4.32,6.31,5.63,5.78,101,127,124,163,133,96
125,9251160,"Data transfer between dissimilar deduplication systems",2016-02-02,"Symantec Corporation",7.0,26,2,1,"Amazon",data-retrieval,"Data Retrieval",,,,,,,,,,,6.35,8.24,7.80,4.32,6.31,5.63,5.78,102,129,125,164,134,97
126,10152530,"Determining a recommended control point for a file system",2018-12-11,"Symantec Corporation",9.9,5,2,1,"Google",data-retrieval,"Data Retrieval",,,,,,,,,,,6.35,7.97,7.80,5.12,6.93,4.92,5.34,118,128,98,129,160,124
127,9942248,"Systems and methods for adjusting behavioral detection heuristics",2018-04-10,"Symantec Corporation",9.2,5,2,1,"Microsoft",network-threat-protection,"Network Threat Protection",,,,,,,,,,,6.35,7.97,7.80,5.12,6.93,4.92,5.34,119,134,99,130,161,125
128,10966161,"Bluetooth in-packet power trimming",2021-03-30,"Avago Technologies International Sales Pte. Limited",12.2,1,1,1,"Google",wireless-power-mgmt,"Wireless Power Management",4,3,3,3,3,4,5,,hardware,related,6.34,9.08,8.01,5.16,6.03,4.41,5.37,81,118,96,178,188,121
129,10887307,"Systems and methods for identifying users",2021-01-05,"CA, Inc.",12.0,32,1,1,"Amazon",cloud-auth,"Cloud / Authentication",3,3,3,2,3,4,5,4,software,related,6.32,7.50,6.66,5.91,6.57,6.19,5.10,136,157,79,154,113,142
130,11516311,"Distributed machine-learning resource sharing and request routing",2022-11-29,"Avago Technologies International Sales Pte. Limited",13.9,3,2,2,"Amazon; Comcast",ai-ml,"AI/ML / Machine Learning",2,3,3,2,2,4,5,3.3,software,none,6.32,7.07,8.03,6.35,5.28,6.27,4.94,147,117,71,238,111,149
131,10051042,"System and method for hand-offs in cloud environments",2018-08-14,"CA, Inc.",9.6,4,2,1,"Amazon",network-protocols,"Network Protocols",,,,,,,,,,,6.31,7.94,7.80,5.08,6.85,4.86,5.30,120,132,101,134,166,126
132,9590969,"Identity verification services using private data",2017-03-07,"CA, Inc.",8.1,10,2,1,"Meta",network-auth-access,"Network Auth & Access Control",,,,,,,,,,,6.30,8.05,7.80,4.05,7.24,5.15,5.48,112,135,140,119,147,114
133,9407644,"Systems and methods for detecting malicious use of digital certificates",2016-08-02,"Symantec Corporation",7.5,20,2,1,"Microsoft",network-threat-protection,"Network Threat Protection",,,,,,,,,,,6.25,8.18,7.80,4.23,6.14,5.47,5.69,105,130,129,173,137,100
134,9679134,"Systems and methods for detecting display-controlling malware",2017-06-13,"Symantec Corporation",8.4,8,2,1,"Microsoft",network-threat-protection,"Network Threat Protection",,,,,,,,,,,6.24,8.02,7.80,4.00,7.13,5.07,5.43,116,136,142,124,152,119
135,9647941,"Hierarchical hashing for longest prefix matching",2017-05-09,"Avago Technologies General IP (Singapore) Pte. Ltd.",8.3,8,2,1,"Amazon",network-switching,"Network Switching & Routing",,,,,,,,,,,6.24,8.02,7.80,4.00,7.13,5.07,5.43,117,137,143,125,153,120
136,8429630,"Globally distributed utility computing cloud",2013-04-23,"CA, Inc.",4.3,675,13,3,"Amazon; Microsoft; Google",cloud-auth,"Cloud / Authentication",2,2,4,2,2,5,5,4,system,none,6.23,5.63,7.15,3.63,7.57,8.69,4.71,223,155,155,100,65,151
137,10064230,"Methods and devices enabling resource sharing for device-to-device communication in unlicensed band",2018-08-28,"Avago Technologies General IP (Singapore) Pte. Ltd.",9.6,2,2,1,"Sony",wireless-mobility,"Wireless Mobility",,,,,,,,,,,6.21,7.89,7.80,4.97,6.65,4.72,5.21,124,138,105,147,176,136
138,9917779,"Alleviating congestion in a cable modem",2018-03-13,"Avago Technologies General IP (Singapore) Pte. Ltd.",9.2,2,2,1,"Comcast",network-switching,"Network Switching & Routing",,,,,,,,,,,6.21,7.89,7.80,4.97,6.65,4.72,5.21,125,140,106,148,177,137
139,9497072,"Identifying alarms for a root cause of a problem in a data processing system",2016-11-15,"CA, Inc.",7.8,16,2,1,"Microsoft",network-management,"Network Management",,,,,,,,,,,6.18,8.13,7.80,4.16,6.02,5.36,5.61,107,131,133,179,142,104
140,9467923,"Method and system for location-based prearranged hand-off",2016-10-11,"Broadcom Corporation",7.7,16,2,1,"Meta",wireless-mobility,"Wireless Mobility",,,,,,,,,,,6.18,8.13,7.80,4.16,6.02,5.36,5.61,108,133,134,180,143,105
141,8930423,"Method and system for restoring encrypted files from a virtual machine image",2015-01-06,"Symantec Corporation",6.0,17,3,2,"Microsoft; Google",data-retrieval,"Data Retrieval",3,3,3,2,3,4,,,software,none,6.16,6.88,7.31,3.41,7.38,6.85,5.14,153,154,164,114,91,141
142,9104853,"Supporting proximity based security code transfer from mobile/tablet application to access device",2015-08-11,"Symantec Corporation",6.6,219,1,1,"Microsoft",computing-auth-boot,"Computing Auth & Secure Boot",4,3,3,4,3,4,,,hybrid,likely_essential,6.13,7.06,4.80,3.60,10.00,5.78,5.54,148,229,158,49,127,111
143,9357332,"Near field communication application identification routing in card emulation",2016-05-31,"Broadcom Corporation",7.4,13,2,1,"Google",wireless-services,"Wireless Services",,,,,,,,,,,6.12,8.10,7.80,4.11,5.91,5.26,5.55,111,139,138,185,145,109
144,8898533,"System for communicating data in xDSL using data retransmission",2014-11-25,"Broadcom Corporation",5.9,5,4,1,"Samsung",network-error-control,"Network Error Control",3,3,3,3,3,2,,,system,related,6.10,7.29,8.04,3.96,7.48,4.87,4.97,141,116,144,110,165,148
145,9509524,"System and method for service level management",2016-11-29,"CA, Inc.",7.9,9,4,1,"Amazon",fintech-business,"FinTech & Business",2,3,4,2,2,3,,,system,related,6.09,6.67,8.26,4.40,5.43,6.76,5.02,157,109,121,219,98,146
146,8566578,"Method and system for ensuring compliance in public clouds using fine-grained data ownership based e",2013-10-22,"Symantec Corporation",4.8,24,7,3,"Amazon; Microsoft; Comcast",cloud-auth,"Cloud / Authentication",3,3,4,2,3,4,5,2.3,system,none,6.08,6.86,7.94,3.27,7.78,6.55,4.08,154,120,173,91,104,189
147,9813437,"Systems and methods for determining malicious-download risk based on user behavior",2017-11-07,"Symantec Corporation",8.8,3,2,1,"Amazon",network-threat-protection,"Network Threat Protection",,,,,,,,,,,6.06,7.92,7.80,3.84,6.76,4.80,5.26,122,141,146,139,170,130
148,9792425,"System and method for controlling state tokens",2017-10-17,"CA, Inc.",8.8,3,2,1,"Amazon",computing-auth-boot,"Computing Auth & Secure Boot",,,,,,,,,,,6.06,7.92,7.80,3.84,6.76,4.80,5.26,123,142,147,140,171,131
149,9225743,"Automatic generation of policy from a group of SSL server certificates",2015-12-29,"Symantec Corporation",7.0,5,4,2,"VMware; Microsoft",network-secure-compute,"Secure Computing & MPC",2,3,3,2,2,4,,,software,related,6.06,6.82,8.06,4.23,4.96,6.81,5.47,155,115,130,276,94,116
150,9307258,"Parallel transcoding",2016-04-05,"Broadcom Corporation",7.2,10,2,1,"Apple",video-codec,"Video Codec",,,,,,,,,,,6.05,8.05,7.80,4.05,5.79,5.15,5.48,113,143,141,193,148,115
151,9569619,"Systems and methods for assessing internet addresses",2017-02-14,"Symantec Corporation",8.1,2,2,1,"Cisco",computing-os-security,"Computing OS Security",,,,,,,,,,,6.01,7.89,7.80,3.80,6.65,4.72,5.21,126,144,150,149,178,138
152,9570420,"Wireless communicating among vertically arranged integrated circuits (ICs) in a semiconductor packag",2017-02-14,"Broadcom Corporation",8.1,2,2,1,"Apple",network-multiplexing,"Network Multiplexing",,,,,,,,,,,6.01,7.89,7.80,3.80,6.65,4.72,5.21,127,145,151,150,179,139
153,9888377,"Using personal computing device analytics as a knowledge based authentication source",2018-02-06,"Symantec Corporation",9.1,102,1,1,"Amazon",cloud-auth,"Cloud / Authentication",2,3,3,2,3,4,5,5,software,related,5.98,6.17,5.41,6.01,7.40,6.19,4.71,191,192,78,113,114,152
154,11075933,"Abnormal user behavior detection",2021-07-27,"CA, Inc.",12.5,6,1,1,"Microsoft",network-auth-access,"Network Auth & Access Control",2,3,4,2,3,4,5,5,software,none,5.87,6.97,6.97,5.17,5.67,5.38,5.05,151,156,95,203,140,143
155,9800608,"Processing data flows with a data flow processor",2017-10-24,"Symantec Corporation",8.8,138,1,1,"Amazon",cloud-auth,"Cloud / Authentication",4,3,4,2,3,3,5,1,system,related,5.79,6.39,4.75,4.35,9.08,6.32,3.87,173,231,122,63,110,216
156,8353031,"Virtual security appliance",2013-01-08,"Symantec Corporation",4.0,31,7,3,"Microsoft; Amazon; Google",computing-os-security,"Computing OS Security",,,,,,,,,,,5.71,6.95,7.42,2.75,7.78,4.88,4.49,152,152,239,92,163,163
157,8434126,"Methods and systems for aiding parental control policy decisions",2013-04-30,"Symantec Corporation",4.3,24,8,2,"Amazon; Microsoft",video-client-processing,"Video Client Processing",,,,,,,,,,,5.71,7.03,7.64,2.75,7.54,4.88,4.38,149,147,238,102,162,167
158,8442960,"Systems and methods for process self-elevation",2013-05-14,"Symantec Corporation",4.3,22,8,2,"Apple; Microsoft",network-protocols,"Network Protocols",,,,,,,,,,,5.69,7.02,7.64,2.75,7.51,4.86,4.37,150,148,240,108,167,170
159,10666547,"Efficient machine learning for network optimization",2020-05-26,"CA, Inc.",11.4,9,1,1,"Google",network-management,"Network Management",3,3,4,2,3,4,5,,software,related,5.64,7.20,6.66,4.06,5.87,5.41,4.64,143,158,139,189,138,155
160,9749331,"Context based conditional access for cloud services",2017-08-29,"Symantec Corporation",8.6,16,2,2,"Microsoft; Sony",cloud-auth,"Cloud / Authentication",,,,,,,,1,,,5.63,7.45,6.62,3.45,6.86,4.74,4.65,138,159,163,132,174,153
161,10262137,"Security recommendations based on incidents of malware",2019-04-16,"Symantec Corporation",10.2,7,2,1,"Microsoft",computing-os-security,"Computing OS Security",2,3,3,2,2,4,5,,software,none,5.52,6.48,7.35,4.68,4.60,5.84,4.15,166,153,113,329,124,183
162,9998480,"Systems and methods for predicting security threats",2018-06-12,"Symantec Corporation",9.4,109,1,1,"Microsoft",security,"Security / Threat Detection",2,3,3,2,3,4,5,4,software,none,5.47,5.72,4.89,5.40,6.75,5.80,4.23,212,228,88,141,125,177
163,9077580,"Selecting preferred nodes for specific functional roles in a cluster",2015-07-07,"Symantec Corporation",6.5,93,2,1,"Amazon",network-protocols,"Network Protocols",,,,,,,,,,,5.29,6.12,5.51,3.05,7.53,5.06,4.46,192,177,190,104,154,164
164,8576830,"Method and system for tracking timing drift in multiple frequency hypothesis testing",2013-11-05,"Broadcom Corporation",4.8,10,8,1,"Marvell",network-signal-processing,"Network Signal Processing",,,,,,,,,,,5.27,6.66,7.42,2.55,6.64,4.50,3.86,160,151,262,151,185,217
165,9088560,"Systems and methods for validating login attempts based on user location",2015-07-21,"Symantec Corporation",6.5,27,2,2,"Microsoft; Amazon",network-auth-access,"Network Auth & Access Control",,,,,,,,,,,5.20,6.26,5.84,2.92,7.18,4.57,4.41,189,174,210,122,182,165
166,9691027,"Confidence level threshold selection assistance for a data loss prevention system using machine lear",2017-06-27,"Symantec Corporation",8.4,31,2,2,"Amazon; Microsoft",ai-ml,"AI/ML / Machine Learning",2,3,3,2,2,4,5,2.5,software,none,5.18,5.81,6.21,4.13,5.56,5.48,3.87,200,163,137,210,136,214
167,8340299,"Key management system and method",2012-12-25,"Broadcom Corporation",3.9,25,4,1,"Amazon",network-crypto,"Network Cryptography",4,3,4,2,4,5,,,system,related,5.16,4.58,4.77,2.48,7.89,6.83,4.38,316,230,280,87,93,166
168,8886840,"System and method for implementing a single chip having a multiple sub-layer PHY",2014-11-11,"Broadcom Corporation",5.8,7,3,0,"",wireless-transmission,"Wireless Transmission",,,,,,,,,,,5.15,6.35,7.49,3.17,5.06,5.03,3.79,176,149,180,261,156,222
169,8973090,"Systems and methods for protecting platform-as-a-service platforms",2015-03-03,"Symantec Corporation",6.1,18,3,2,"Google; Amazon",computing-os-security,"Computing OS Security",2,3,3,3,2,4,,,software,none,5.12,5.84,6.37,3.05,5.77,5.04,4.65,198,160,191,194,155,154
170,9462044,"Secure user, device, application registration protocol",2016-10-04,"CA, Inc.",7.7,35,2,1,"Google",network-protocols,"Network Protocols",2,3,3,2,3,4,,,software,related,5.08,6.03,6.10,3.36,4.62,5.79,4.59,194,166,166,328,126,157
171,8826444,"Systems and methods for using client reputation data to classify web domains",2014-09-02,"Symantec Corporation",5.6,48,4,3,"Microsoft; Apple; Amazon",cloud-auth,"Cloud / Authentication",2,3,3,2,2,4,5,1.8,software,none,5.07,5.38,6.10,3.54,5.66,5.98,3.76,282,165,161,206,121,227
172,8521110,"Multiband communication device for use with a mesh network and methods for use therewith",2013-08-27,"Broadcom Corporation",4.6,219,1,1,"Disney",wireless-infrastructure,"Wireless Infrastructure",4,3,4,4,4,5,,,hardware,likely_essential,5.06,6.23,4.34,2.11,8.60,4.84,4.26,190,314,355,75,169,175
173,10311231,"Preventing a malicious computer application from executing in a computing environment",2019-06-04,"Symantec Corporation",10.4,17,1,1,"Microsoft",data-retrieval,"Data Retrieval",,,,,,,,,,,4.96,6.63,5.32,3.38,5.75,4.09,4.56,161,193,165,195,201,159
174,10419375,"Systems and methods for analyzing emotional responses to online interactions",2019-09-17,"Symantec Corporation",10.7,16,1,1,"Google",network-protocols,"Network Protocols",,,,,,,,,,,4.93,6.62,5.32,3.36,5.71,4.05,4.54,162,194,167,199,204,161
175,8189561,"Method and system for power-limited switching and/or routing in a network",2012-05-29,"Broadcom Corporation",3.4,12,11,2,"Microsoft; Cisco",network-switching,"Network Switching & Routing",,,,,,,,,,,4.92,4.54,5.02,2.86,7.61,4.97,4.50,318,223,225,96,158,162
176,8572138,"Distributed computing system having autonomic deployment of virtual machine disk images",2013-10-29,"CA, Inc.",4.8,32,5,2,"Microsoft; Google",computing-runtime,"Computing Runtime",,,,,,,,,,,4.87,6.05,6.32,2.30,6.69,4.17,3.72,193,161,319,143,195,229
177,9191381,"Strong authentication via a federated identity protocol",2015-11-17,"Symantec Corporation",6.8,25,3,1,"Amazon",network-auth-access,"Network Auth & Access Control",2,3,3,3,2,4,,,software,related,4.83,5.56,6.13,2.90,5.33,4.88,4.19,237,164,211,231,164,182
178,9077728,"Systems and methods for managing access-control groups",2015-07-07,"Symantec Corporation",6.5,33,2,1,"Microsoft",network-auth-access,"Network Auth & Access Control",,,,,,,,,,,4.83,5.86,5.51,2.72,6.49,4.34,4.05,196,178,242,157,190,190
179,8918903,"Systems and methods for performing authentication validation",2014-12-23,"Symantec Corporation",5.9,31,2,1,"Amazon",computing-auth-boot,"Computing Auth & Secure Boot",,,,,,,,,,,4.80,5.85,5.51,2.70,6.44,4.31,4.03,197,179,245,159,192,197
180,10200369,"Systems and methods for dynamically validating remote requests within enterprise networks",2019-02-05,"Symantec Corporation",10.1,10,1,1,"Microsoft",network-auth-access,"Network Auth & Access Control",,,,,,,,,,,4.77,6.52,5.32,3.21,5.43,3.79,4.37,163,195,175,220,223,168
181,10409367,"Predictive graph selection",2019-09-10,"CA, Inc.",10.7,8,1,1,"Microsoft",computing-ui,"Computing UI",,,,,,,,,,,4.71,6.48,5.32,3.14,5.31,3.69,4.31,164,196,181,234,227,172
182,10250694,"Maintaining distributed state among stateless service clients",2019-04-02,"CA, Inc.",10.2,8,1,1,"Amazon",network-protocols,"Network Protocols",,,,,,,,,,,4.71,6.48,5.32,3.14,5.31,3.69,4.31,165,197,182,235,228,173
183,8869244,"Techniques for providing role-based access control using dynamic shared accounts",2014-10-21,"Symantec Corporation",5.8,22,2,1,"Microsoft",computing-data-protection,"Computing Data Protection",,,,,,,,,,,4.70,5.79,5.51,2.62,6.20,4.14,3.93,203,181,248,169,197,207
184,8560843,"Encrypted universal resource identifier (URI) based messaging",2013-10-15,"Symantec Corporation",4.7,51,5,1,"Amazon",network-auth-access,"Network Auth & Access Control",,,,,,,,,,,4.69,5.83,6.10,2.24,6.38,4.14,3.46,199,168,326,162,198,273
185,10250588,"Systems and methods for determining reputations of digital certificate signers",2019-04-02,"Symantec Corporation",10.2,7,1,1,"Microsoft",network-auth-access,"Network Auth & Access Control",,,,,,,,,,,4.68,6.46,5.32,3.11,5.25,3.63,4.27,167,198,183,241,230,174
186,8875284,"Personal identifiable information (PII) theft detection and remediation system and method",2014-10-28,"Symantec Corporation",5.8,20,2,1,"Microsoft",network-threat-protection,"Network Threat Protection",,,,,,,,,,,4.67,5.77,5.51,2.60,6.14,4.10,3.91,205,182,251,174,199,208
187,8098776,"Method and system for pre-equalization in a single weight spatial multiplexing MIMO system",2012-01-17,"Broadcom Corporation",3.0,16,6,4,"Qualcomm; Huawei; Cisco; Marvell",wireless-mimo-antenna,"Wireless MIMO & Antenna",,,,,,,,,,,4.65,4.21,4.50,2.64,7.53,4.64,4.37,336,303,247,103,181,169
188,8155478,"Image creation with software controllable depth of field",2012-04-10,"Broadcom Corporation",3.2,54,23,1,"Google",image-depth,"Image / Depth Mapping",2,2,3,3,2,5,5,4,software,none,4.65,3.76,4.91,3.56,5.71,6.05,3.89,400,227,159,198,119,210
189,8887300,"Automated message transmission prevention based on a physical reaction",2014-11-11,"CA, Inc.",5.8,18,2,1,"Meta",network-auth-access,"Network Auth & Access Control",,,,,,,,,,,4.65,5.76,5.51,2.58,6.08,4.06,3.88,206,184,255,175,203,212
190,8370312,"Systems and methods for using cloud-based storage to optimize data-storage operations",2013-02-05,"Symantec Corporation",4.1,43,4,2,"Microsoft; Amazon",network-protocols,"Network Protocols",,,,,,,,,,,4.65,5.76,5.88,2.17,6.52,4.00,3.55,207,173,342,156,207,252
191,8407471,"Selecting a network service for communicating with a server",2013-03-26,"Symantec Corporation",4.2,43,5,1,"Amazon",network-threat-protection,"Network Threat Protection",,,,,,,,,,,4.65,5.80,6.10,2.21,6.27,4.07,3.42,202,169,331,166,202,279
192,9628471,"Protecting user identity at a cloud using a distributed user identity system",2017-04-18,"Symantec Corporation",8.3,79,1,1,"Meta",cloud-auth,"Cloud / Authentication",2,3,3,2,3,4,5,3.3,system,related,4.64,5.27,4.53,3.52,5.82,5.01,3.68,289,238,162,192,157,232
193,8700724,"System and method for transferring data over a remote direct memory access (RDMA) network",2014-04-15,"Broadcom Corporation",5.2,17,2,1,"Microsoft",computing-systems,"Computing Systems",,,,,,,,,,,4.63,5.75,5.51,2.57,6.05,4.04,3.87,208,187,256,177,205,215
194,9942032,"Systems and methods for securely detecting data similarities",2018-04-10,"Symantec Corporation",9.2,32,1,1,"Microsoft",network-crypto,"Network Cryptography",,,,,,,,,,,4.63,5.78,4.53,3.67,6.26,3.65,3.89,204,239,154,168,229,211
195,9235629,"Method and apparatus for automatically correlating related incidents of policy violations",2016-01-12,"Symantec Corporation",7.0,10,3,2,"Microsoft; Amazon",data-retrieval,"Data Retrieval",2,3,2,2,2,3,,,software,none,4.62,5.52,6.27,3.61,3.91,4.33,4.10,251,162,157,379,191,186
196,9185119,"Systems and methods for detecting malware using file clustering",2015-11-10,"Symantec Corporation",6.8,16,2,1,"Microsoft",network-secure-compute,"Secure Computing & MPC",,,,,,,,,,,4.62,5.74,5.51,2.56,6.02,4.02,3.86,209,180,261,181,206,218
197,8908699,"Providing automatic format conversion via an access gateway in a home",2014-12-09,"Broadcom Corporation",5.9,15,2,1,"Comcast",wireless-services,"Wireless Services",,,,,,,,,,,4.60,5.73,5.51,2.55,5.98,3.99,3.84,210,186,267,183,208,220
198,10404733,"Active push-based remediation for reputation-based security systems",2019-09-03,"Symantec Corporation",10.6,5,1,1,"Microsoft",network-threat-protection,"Network Threat Protection",,,,,,,,,,,4.60,6.42,5.32,3.03,5.11,3.51,4.19,168,199,192,252,237,179
199,10367744,"Systems and methods for network traffic routing to reduce service congestion at a server",2019-07-30,"Symantec Corporation",10.5,5,1,1,"Apple",computing-runtime,"Computing Runtime",,,,,,,,,,,4.60,6.42,5.32,3.03,5.11,3.51,4.19,169,200,193,253,238,180
200,10225284,"Techniques of obfuscation for enterprise data center services",2019-03-05,"Symantec Corporation",10.1,5,1,1,"Microsoft",network-threat-protection,"Network Threat Protection",,,,,,,,,,,4.60,6.42,5.32,3.03,5.11,3.51,4.19,170,201,194,254,239,181
201,8515054,"Voice and data exchange over a packet based network with echo cancellation",2013-08-20,"Broadcom Corporation",4.6,5,4,3,"Cisco; Google; Microsoft",network-signal-processing,"Network Signal Processing",3,3,3,3,3,3,,,system,related,4.58,5.72,6.10,2.25,6.17,3.73,3.51,213,167,325,172,226,262
202,9015082,"Data quality assessment for vector machine learning",2015-04-21,"Symantec Corporation",6.3,13,2,1,"Amazon",computing-data-protection,"Computing Data Protection",,,,,,,,,,,4.57,5.72,5.51,2.53,5.91,3.94,3.82,216,185,271,186,214,221
203,10542017,"Systems and methods for personalizing security incident reports",2020-01-21,"Symantec Corporation",11.0,4,1,1,"Microsoft",network-threat-protection,"Network Threat Protection",,,,,,,,,,,4.55,6.39,5.32,2.99,5.04,3.43,4.15,171,202,199,262,242,184
204,10193880,"Systems and methods for registering user accounts with multi-factor authentication schemes used by o",2019-01-29,"Symantec Corporation",10.0,4,1,1,"Amazon",network-auth-access,"Network Auth & Access Control",,,,,,,,,,,4.55,6.39,5.32,2.99,5.04,3.43,4.15,172,203,200,263,243,185
205,8200161,"Method and system for dynamic selection of a coexistence method and transmit power level based on ca",2012-06-12,"Broadcom Corporation",3.4,28,8,1,"Apple",wireless-power-mgmt,"Wireless Power Management",,,,,,,,,,,4.54,4.22,4.64,2.65,7.04,4.73,3.99,333,236,246,126,175,199
206,9178904,"Systems and methods for detecting malicious browser-based scripts",2015-11-03,"Symantec Corporation",6.8,11,2,1,"Amazon",network-threat-protection,"Network Threat Protection",,,,,,,,,,,4.54,5.70,5.51,2.50,5.83,3.89,3.79,218,183,275,191,217,225
207,8484737,"Techniques for processing backup data for identifying and handling content",2013-07-09,"Symantec Corporation",4.5,24,5,1,"Microsoft",computing-os-security,"Computing OS Security",,,,,,,,,,,4.52,5.72,6.10,2.14,5.97,3.90,3.33,211,171,352,184,216,295
208,8413244,"Using temporal attributes to detect malware",2013-04-02,"Symantec Corporation",4.2,75,3,2,"Amazon; Microsoft",network-threat-protection,"Network Threat Protection",,,,,,,,,,,4.51,5.51,5.43,2.10,6.58,3.96,3.45,252,191,357,153,209,274
209,10278074,"Systems and methods for categorizing mobile devices as rooted",2019-04-30,"Symantec Corporation",10.3,3,1,1,"Sony",wireless-security,"Wireless Security",,,,,,,,,,,4.50,6.36,5.32,2.94,4.95,3.35,4.10,174,204,207,277,246,187
210,10216933,"Systems and methods for determining whether malicious files are targeted",2019-02-26,"Symantec Corporation",10.1,3,1,1,"Microsoft",data-retrieval,"Data Retrieval",,,,,,,,,,,4.50,6.36,5.32,2.94,4.95,3.35,4.10,175,205,208,278,247,188
211,8615270,"Dual antenna topology for Bluetooth and IEEE 802.11 wireless local area network devices",2013-12-24,"Broadcom Corporation",4.9,20,5,1,"Apple",wireless-transmission,"Wireless Transmission",,,,,,,,,,,4.49,5.71,6.10,2.12,5.89,3.85,3.30,217,170,354,188,221,304
212,9183384,"Leveraging indexed document matching to automatically train SVM classifiers",2015-11-10,"Symantec Corporation",6.8,33,5,2,"Amazon; Google",cloud-auth,"Cloud / Authentication",2,3,3,2,2,4,5,1,software,none,4.47,4.98,5.62,3.02,4.76,5.40,3.04,299,175,198,301,139,333
213,10417233,"Inline wire speed deduplication system",2019-09-17,"Avago Technologies International Sales Pte. Limited",10.7,2,1,1,"Microsoft",data-retrieval,"Data Retrieval",,,,,,,,,,,4.44,6.33,5.32,2.88,4.84,3.25,4.03,177,206,214,283,251,191
214,10390009,"System, method, and computer-readable medium for adaptive display calibration and profiling",2019-08-20,"Avago Technologies International Sales Pte. Limited",10.6,2,1,1,"Apple",video-broadcast,"Video Broadcast",,,,,,,,,,,4.44,6.33,5.32,2.88,4.84,3.25,4.03,178,207,215,284,252,192
215,10339334,"Augmented reality captcha",2019-07-02,"CA, Inc.",10.5,2,1,1,"Sony",computing-data-protection,"Computing Data Protection",,,,,,,,,,,4.44,6.33,5.32,2.88,4.84,3.25,4.03,179,208,216,285,253,193
216,10257171,"Server public key pinning by URL",2019-04-09,"CA, Inc.",10.2,2,1,1,"Microsoft",network-auth-access,"Network Auth & Access Control",,,,,,,,,,,4.44,6.33,5.32,2.88,4.84,3.25,4.03,180,209,217,286,254,194
217,10182014,"Data communication in a peer-to-peer network",2019-01-15,"Avago Technologies International Sales Pte. Limited",10.0,2,1,1,"Apple",network-switching,"Network Switching & Routing",,,,,,,,,,,4.44,6.33,5.32,2.88,4.84,3.25,4.03,181,210,218,287,255,195
218,10178122,"Systems and methods for disseminating location-based reputations for link-layer wireless attacks",2019-01-08,"Symantec Corporation",10.0,2,1,1,"Microsoft",network-threat-protection,"Network Threat Protection",,,,,,,,,,,4.44,6.33,5.32,2.88,4.84,3.25,4.03,182,211,219,288,256,196
219,8880793,"Storage management systems and methods",2014-11-04,"Symantec Corporation",5.8,165,1,1,"Amazon",network-protocols,"Network Protocols",3,3,3,3,3,4,,,system,related,4.44,4.97,3.64,2.51,6.94,4.67,3.89,300,348,274,128,180,209
220,10645073,"Systems and methods for authenticating applications installed on computing devices",2020-05-05,"CA, Inc.",11.3,10,1,1,"Amazon",computing-auth-boot,"Computing Auth & Secure Boot",2,3,3,4,2,3,5,,software,none,4.42,5.94,5.30,3.81,4.54,2.99,3.94,195,218,148,337,299,206
221,11765767,"Multi-user (MU) enhanced distributed channel access (EDCA) termination signaling",2023-09-19,"Avago Technologies International Sales Pte. Limited",14.7,1,0,0,"",wireless-scheduling,"Wireless Scheduling",4,4,3,4,4,5,5,4,firmware,likely_essential,4.39,7.35,6.08,3.03,2.67,1.77,5.44,139,172,197,437,429,117
222,8312064,"Method and apparatus for securing documents using a position dependent file system",2012-11-13,"Symantec Corporation",3.8,270,9,2,"Microsoft; Amazon",cloud-auth,"Cloud / Authentication",2,3,3,2,3,2,5,2.8,system,none,4.38,3.42,3.88,3.33,7.28,4.94,3.42,423,335,169,118,159,278
223,10749918,"Adaptive streaming with early client indication",2020-08-18,"Avago Technologies International Sales Pte. Limited",11.6,1,1,1,"Hulu",streaming-multimedia,"Streaming & Multimedia",,,,,,,,,,,4.36,6.28,5.32,2.81,4.70,3.13,3.95,183,212,227,312,270,200
224,10607017,"Restricting access to sensitive data using tokenization",2020-03-31,"CA, Inc.",11.2,1,1,1,"Amazon",computing-data-protection,"Computing Data Protection",,,,,,,,,,,4.36,6.28,5.32,2.81,4.70,3.13,3.95,184,213,228,313,271,201
225,10560850,"Coexistence management via scheduling",2020-02-11,"Avago Technologies International Sales Pte. Limited",11.1,1,1,1,"Comcast",wireless-infrastructure,"Wireless Infrastructure",,,,,,,,,,,4.36,6.28,5.32,2.81,4.70,3.13,3.95,185,214,229,314,272,202
226,10440047,"Systems and methods for mapping internet protocol addresses for an organization",2019-10-08,"Symantec Corporation",10.7,1,1,1,"Microsoft",network-threat-protection,"Network Threat Protection",,,,,,,,,,,4.36,6.28,5.32,2.81,4.70,3.13,3.95,186,215,230,315,273,203
227,10367643,"Systems and methods for managing encryption keys for single-sign-on applications",2019-07-30,"Symantec Corporation",10.5,1,1,1,"Amazon",network-crypto,"Network Cryptography",,,,,,,,,,,4.36,6.28,5.32,2.81,4.70,3.13,3.95,187,216,231,316,274,204
228,10361808,"System, device, and method for multi-mode communications",2019-07-23,"Avago Technologies International Sales Pte. Limited",10.5,1,1,1,"Apple",network-error-control,"Network Error Control",,,,,,,,,,,4.36,6.28,5.32,2.81,4.70,3.13,3.95,188,217,232,317,275,205
229,10091231,"Systems and methods for detecting security blind spots",2018-10-02,"Symantec Corporation",9.7,16,1,1,"Microsoft",network-threat-protection,"Network Threat Protection",,,,,,,,,,,4.35,5.62,4.53,3.36,5.71,3.24,3.63,224,240,168,200,258,236
230,8797865,"Providing quality of service for sub-flows in a multiple grants per interval service flow",2014-08-05,"Broadcom Corporation",5.6,3,2,1,"Telefonaktiebolaget LM Ericsson (Publ)",network-switching,"Network Switching & Routing",,,,,,,,,,,4.35,5.59,5.51,2.37,5.41,3.60,3.62,231,188,306,221,233,240
231,8898777,"Systems and methods for detecting user activities to identify deceptive activity",2014-11-25,"Symantec Corporation",5.9,17,4,1,"Meta",network-threat-protection,"Network Threat Protection",2,3,3,2,2,4,,,software,none,4.31,4.64,5.49,2.55,4.75,5.12,3.33,313,190,268,302,150,293
232,8788681,"Method and apparatus for autonomously managing a computer resource using a security certificate",2014-07-22,"Symantec Corporation",5.5,2,2,1,"Palantir",network-auth-access,"Network Auth & Access Control",,,,,,,,,,,4.31,5.57,5.51,2.34,5.32,3.54,3.58,236,189,310,232,236,247
233,8284776,"Recursive packet header processing",2012-10-09,"Broadcom Corporation",3.7,28,7,1,"Amazon",network-switching,"Network Switching & Routing",,,,,,,,,,,4.30,4.01,4.36,2.48,6.70,4.47,3.77,360,310,279,142,186,226
234,10068089,"Systems and methods for network security",2018-09-04,"Symantec Corporation",9.6,12,1,1,"Microsoft",computing-os-security,"Computing OS Security",,,,,,,,,,,4.26,5.57,4.53,3.26,5.53,3.11,3.55,232,241,174,211,276,253
235,8838752,"Enterprise wireless local area network switching system",2014-09-16,"Broadcom Corporation",5.7,129,1,1,"Disney",network-auth-access,"Network Auth & Access Control",3,3,3,3,3,4,,,system,related,4.25,4.87,3.64,2.37,6.54,4.35,3.73,305,349,305,155,189,228
236,9413430,"Measurement and reporting of received signal strength in NFC enabled devices",2016-08-09,"Broadcom Corporation",7.6,211,0,0,"",wireless-transmission,"Wireless Transmission",4,3,3,4,3,4,,,hardware,likely_essential,4.22,5.00,2.60,3.08,5.36,4.75,4.56,297,459,187,229,173,160
237,9832221,"Systems and methods for monitoring the activity of devices within an organization by leveraging data",2017-11-28,"Symantec Corporation",8.9,16,1,1,"Microsoft",computing-auth-boot,"Computing Auth & Secure Boot",,,,,,,,,,,4.22,5.62,4.53,2.57,5.71,3.24,3.63,225,242,259,201,259,237
238,9813443,"Systems and methods for remediating the effects of malware",2017-11-07,"Symantec Corporation",8.8,15,1,1,"Microsoft",network-threat-protection,"Network Threat Protection",,,,,,,,,,,4.20,5.61,4.53,2.55,5.66,3.21,3.61,227,244,264,204,262,241
239,9679160,"Systems and methods for maintaining encrypted search indexes on third-party storage systems",2017-06-13,"Symantec Corporation",8.4,15,1,1,"Google",data-retrieval,"Data Retrieval",,,,,,,,,,,4.20,5.61,4.53,2.55,5.66,3.21,3.61,228,247,265,205,263,242
240,10148907,"System and method of luminance processing in high dynamic range and standard dynamic range conversio",2018-12-04,"Avago Technologies International Sales Pte. Limited",9.9,9,1,1,"Google",video-broadcast,"Video Broadcast",,,,,,,,,,,4.18,5.53,4.53,3.18,5.37,2.99,3.47,244,243,178,223,291,265
241,9888024,"Detection of security incidents with low confidence security events",2018-02-06,"Symantec Corporation",9.1,9,1,1,"Microsoft",network-threat-protection,"Network Threat Protection",,,,,,,,,,,4.18,5.53,4.53,3.18,5.37,2.99,3.47,245,252,179,224,292,266
242,9268964,"Techniques for multimedia metadata security",2016-02-23,"Symantec Corporation",7.1,25,1,1,"Microsoft",computing-data-protection,"Computing Data Protection",,,,,,,,,,,4.18,5.72,4.53,2.71,4.83,3.48,3.79,214,253,243,295,240,223
243,9270291,"High speed time-interleaved ADC gain offset and skew mitigation",2016-02-23,"Broadcom Corporation",7.1,25,1,1,"Apple",network-multiplexing,"Network Multiplexing",,,,,,,,,,,4.18,5.72,4.53,2.71,4.83,3.48,3.79,215,254,244,296,241,224
244,9852294,"Systems and methods for detecting suspicious applications based on how entry-point functions are tri",2017-12-26,"Symantec Corporation",8.9,12,1,1,"Microsoft",computing-os-security,"Computing OS Security",,,,,,,,,,,4.13,5.57,4.53,2.49,5.53,3.11,3.55,233,246,276,212,277,254
245,9788160,"Dynamic location tracking",2017-10-10,"Symantec Corporation",8.7,12,1,1,"Apple",wireless-services,"Wireless Services",,,,,,,,,,,4.13,5.57,4.53,2.49,5.53,3.11,3.55,234,248,277,213,278,255
246,10148688,"Systems and methods for detecting illegitimate devices on wireless networks",2018-12-04,"Symantec Corporation",9.9,7,1,1,"Microsoft",network-threat-protection,"Network Threat Protection",,,,,,,,,,,4.12,5.49,4.53,3.11,5.25,2.91,3.42,254,245,184,242,304,280
247,10015173,"Systems and methods for location-aware access to cloud data stores",2018-07-03,"Symantec Corporation",9.5,7,1,1,"Microsoft",network-auth-access,"Network Auth & Access Control",,,,,,,,,,,4.12,5.49,4.53,3.11,5.25,2.91,3.42,255,249,185,243,305,281
248,9887979,"Systems and methods for enabling users to launch applications without entering authentication creden",2018-02-06,"Symantec Corporation",9.1,7,1,1,"Meta",network-auth-access,"Network Auth & Access Control",,,,,,,,,,,4.12,5.49,4.53,3.11,5.25,2.91,3.42,256,258,186,244,306,282
249,9807121,"Apparatus and method for decryption of secure communication sessions",2017-10-31,"Symantec Corporation",8.8,11,1,1,"Amazon",network-secure-compute,"Secure Computing & MPC",,,,,,,,,,,4.10,5.56,4.53,2.47,5.48,3.07,3.52,238,251,281,215,282,258
250,10091077,"Systems and methods for detecting transactional message sequences that are obscured in multicast com",2018-10-02,"Symantec Corporation",9.7,6,1,1,"Apple",network-threat-protection,"Network Threat Protection",,,,,,,,,,,4.08,5.48,4.53,3.07,5.19,2.86,3.39,260,250,188,247,312,286